Country Name,Country Code,1991,1992,1993,1994,1995,1996,1997,1998,1999,2000,2001,2002,2003,2004,2005,2006,2007,2008,2009,2010,2011,2012,2013,2014,2015,2016,2017,2018,2019,2020,2021,2022
Aruba,ABW,,,,,,,,,,,,,,,,,,,,,,,,,,,,,,,,
Africa Eastern and Southern,AFE,49.33193526,49.46530124,49.4472617,49.40750319,49.3806237,49.29735878,49.08737412,48.89843854,48.69947775,48.53329105,48.39451293,48.23308418,48.09252899,48.16514352,48.25884901,47.98427779,47.69432175,47.42369309,46.83497833,45.46580782,45.5029193,45.33424926,45.50062609,45.29890062,45.16800997,44.9778961,44.84355499,44.47955571,44.17195279,42.83520751,43.1982896,43.52406667
Afghanistan,AFG,12.082,12.113,12.103,12.065,12.038,11.879,11.747,11.665,11.641,11.653,11.886,12.138,12.431,12.704,12.93,12.662,12.376,12.172,12.048,12.051,12.469,12.956,13.805,14.684,15.086,15.463,15.823,16.167,16.498,12.928,,
Africa Western and Central,AFW,39.48189847,39.15963922,38.93994478,38.67076808,38.39701143,38.23006502,38.01434602,37.79402798,37.45797014,37.25901227,37.2362832,37.21191718,37.04055445,36.89932938,36.66194482,36.5940346,36.42698141,35.95061579,35.42989485,34.89796144,34.6450967,32.32109067,30.39976197,29.93372662,29.86454076,29.95753038,29.6150799,29.36310712,29.39690927,28.03841388,28.63364023,28.9845203
Angola,AGO,54.672,54.743,54.748,54.823,54.803,54.846,54.827,54.779,54.698,54.604,54.647,54.662,54.604,54.591,54.569,54.673,54.771,54.844,54.902,46.007,47.445,47.796,48.006,48.171,48.098,48.048,47.994,47.878,47.744,45.802,46.119,46.532
Albania,ALB,43.972,31.236,33.991,36.554,39.145,39.187,37.991,34.343,32.877,33.506,32.429,32.406,30.876,29.208,27.326,25.532,23.491,21.232,21.49,18.796,29.064,21.397,13.986,13.794,13.794,17.407,18.39,20.667,22.214,18.995,19.819,20.495
Andorra,AND,,,,,,,,,,,,,,,,,,,,,,,,,,,,,,,,
Arab World,ARB,12.96245262,13.32363474,12.63012385,12.46541525,12.15933902,12.59316925,12.2694284,12.01354989,12.81367679,11.78551122,11.23717572,11.99806365,11.79684166,11.16959458,10.84571739,10.50952792,10.47800049,10.00975117,9.667210159,9.118990314,8.671281546,8.257695877,8.514553747,8.619868324,9.085713746,8.990045139,8.241645173,6.697506558,6.378468843,5.859712923,6.210872004,6.331584788
United Arab Emirates,ARE,21.425,21.592,21.676,21.468,21.209,21.73,22.273,22.811,23.373,23.949,24.123,24.302,24.487,24.638,24.76,25.144,25.495,25.872,26.18,26.528,26.855,27.158,27.476,27.792,28.115,28.44,28.624,31.422,25.401,24.103,22.587,24.463
Argentina,ARG,34.931,34.176,29.351,28.188,21.025,23.329,24.754,27.929,26.786,25.645,24.731,22.963,24.087,26.09,25.629,27.221,27.806,27.362,25.847,24.93,25.024,24.336,23.874,23.83,23.541,23.029,22.739,23.519,22.999,18.098,23.18,24.756
Armenia,ARM,39.969,39.806,37.188,36.667,35.934,33.69,32.645,34.432,33.709,34.132,34.536,34.931,35.339,35.765,36.131,36.515,36.88,35.558,36.491,35.467,34.338,33.008,32.103,31.115,30.133,29.412,27.887,26.692,33.383,27.648,28.983,29.715
American Samoa,ASM,,,,,,,,,,,,,,,,,,,,,,,,,,,,,,,,
Antigua and Barbuda,ATG,,,,,,,,,,,,,,,,,,,,,,,,,,,,,,,,
Australia,AUS,55.871,54.812,54.435,57.092,59.27,59.211,57.659,58.488,59.548,60.803,60.612,60.253,61.256,61.604,62.418,62.949,63.281,63.538,60.738,59.733,60.216,59.495,58.754,58.006,58.791,58.827,58.757,60.342,60.798,57.804,62.25,66.55
Austria,AUT,58.57,59.33,55.653,56.312,55.456,52.874,51.529,51.384,50.806,48.689,47.332,47.784,46.467,45.22,48.669,48.946,50.784,51.512,50.689,49.075,49.966,50.412,49.909,50.04,48.873,49.198,49.188,48.897,48.544,47.912,45.766,47.389
Azerbaijan,AZE,47.398,49.643,49.514,49.587,49.705,48.59,46.975,45.172,43.489,41.65,38.594,38.534,38.67,34.816,38.627,37.686,34.659,31.2,32.299,36.134,27.411,27.225,28.493,29.228,30.648,33.201,34.996,36.795,36.8,36.223,36.743,36.504
Burundi,BDI,80.563,79.355,78.06,76.757,75.352,73.895,72.402,70.839,70.006,69.181,68.351,67.501,66.602,65.735,64.813,63.91,63.401,62.895,61.879,60.85,59.802,58.74,57.659,56.554,56.705,56.851,56.955,57.019,57.042,56.271,56.758,57.371
Belgium,BEL,29.27,30.278,26.23,25.275,24.189,22.599,21.779,22.643,23.347,26.706,24.969,25.638,23.771,25.839,25.205,24.735,24.975,25.007,23.19,23.111,24.188,22.632,21.887,21.805,21.676,21.409,20.976,23.653,25.981,22.647,23.817,25.737
Benin,BEN,54.199,54.155,54.401,54.67,54.98,55.316,55.695,56.11,56.571,57.071,57.611,58.19,56.838,55.5,54.156,52.833,51.52,50.2,48.875,47.568,44.948,43.118,41.303,39.472,37.632,35.873,34.151,32.454,32.273,31.74,32.275,32.39
Burkina Faso,BFA,72.612,71.549,70.567,69.502,68.462,67.391,66.204,65.035,63.681,62.267,60.928,59.511,58.131,56.061,54.077,53.117,52.037,50.553,49.024,47.579,46.064,44.57,43.08,41.595,41.377,41.189,40.969,40.728,40.481,39.693,40.097,40.184
Bangladesh,BGD,21.378,21.411,21.525,21.674,21.851,21.854,21.659,21.476,21.289,21.049,21.249,21.482,21.723,20.829,19.938,19.869,19.782,19.741,19.732,21.034,20.885,20.751,20.629,20.445,20.283,20.145,22.157,22.312,22.369,21.306,21.419,21.823
Bulgaria,BGR,40.074,37.095,33.635,34.095,32.72,29.092,25.638,24.45,20.744,17.969,20.953,19.561,19.562,19.564,19.448,21.154,21.968,23.345,21.609,21.331,19.011,18.791,18.423,17.332,16.521,16.313,19.176,17.047,18.413,15.757,13.129,15.111
Bahrain,BHR,21.292,21.443,21.685,21.782,22.019,22.229,22.432,22.657,22.857,23.062,23.23,23.212,23.206,23.185,23.158,23.128,23.11,23.065,23.009,22.992,20.375,21.237,22.236,23.275,24.319,24.281,24.119,23.982,23.802,21.545,22.265,23.142
"Bahamas, The",BHS,39.206,35.543,37.681,36.045,38.288,34.633,35.231,37.249,38.564,39.878,41.29,37.662,33.923,35.134,35.917,38.588,36.574,36.312,30.531,30.521,30.468,29.567,26.739,28.174,29.41,27.634,29.526,29.733,29.009,24.307,26.141,27.743
Bosnia and Herzegovina,BIH,15.864,15.456,14.9,14.205,13.633,13.137,12.648,12.195,11.837,11.224,10.92,10.546,10.227,9.79,9.445,8.981,9.403,12.196,11.403,9.92,9.196,7.425,7.812,7.952,7.925,8.688,11.303,12.464,18.496,15.288,14.637,15.228
Belarus,BLR,39.079,38.209,34.965,32.73,29.872,25.105,30,31.613,32.177,32.88,33.66,34.413,35.132,35.813,36.592,37.324,38.077,38.789,39.62,39.85,40.177,40.516,40.831,41.139,41.509,41.823,44.248,40.666,41.277,38.915,38.173,38.107
Belize,BLZ,24.073,24.804,24.866,23.451,21.933,21.424,19.951,19.11,19.67,21.239,22.689,22.808,22.291,21.694,21.115,22.478,23.751,24.055,23.973,23.936,23.86,23.797,23.721,24.339,24.896,24.129,25.934,24.572,23.022,19.999,20.792,21.411
Bermuda,BMU,,,,,,,,,,,,,,,,,,,,,,,,,,,,,,,,
Bolivia,BOL,43.331,43.078,43.228,43.381,43.779,44.09,44.486,45.403,46.195,41.983,41.699,41.453,41.196,40.985,40.744,44.675,40.303,41.32,42.31,42.152,42.011,34.396,37.083,39.993,31.633,34.069,35.304,41.171,38.643,35.394,35.656,36.814
Brazil,BRA,39.77,40.075,40.876,40.738,40.474,38.542,37.692,36.28,36.593,37.373,37.51,38.749,37.881,39.645,40.035,40.057,40.874,41.206,39.528,39.599,38.692,38.944,38.292,38.126,35.925,33.163,33.002,33.479,34.532,28.525,32.248,37.763
Barbados,BRB,32.484,30.848,30.367,28.576,35.696,41.017,38.232,40.555,40.881,42.415,41.095,40.601,39.007,39.809,39.015,39.673,40.316,39.127,38.212,37.29,33.854,28.425,28.23,28.558,27.229,31.062,29.351,30.691,33.178,29.469,31.058,32.115
Brunei Darussalam,BRN,31.593,32.061,32.614,33.059,33.521,34.039,34.613,35.107,35.546,36.035,36.52,35.756,35.029,34.329,33.589,32.771,32.095,31.381,30.627,29.797,29.026,28.503,27.974,27.401,26.632,25.982,25.254,23.912,24.181,21.311,22.898,23.179
Bhutan,BTN,45.581,44.903,44.256,43.569,42.894,43.238,43.759,44.409,44.797,44.774,44.93,46.282,47.738,47.804,48.798,48.235,47.025,46.472,45.684,35.812,36.028,33.896,28.283,25.732,26.958,26.436,25.883,25.254,25.342,20.723,23.115,23.682
Botswana,BWA,28.891,27.285,25.744,24.232,23.65,23.081,22.252,21.248,22.609,23.788,19.842,18.681,17.475,19.398,21.329,23.23,22.646,22.037,21.302,19.88,19.835,19.831,19.938,19.93,19.925,20.15,20.244,20.374,20.504,17.144,18.795,19.309
Central African Republic,CAF,44.659,44.461,44.287,44.095,43.899,43.831,43.763,43.735,43.67,43.605,43.57,43.594,43.553,43.598,43.565,43.818,44.005,44.197,44.144,43.761,44.269,44.605,44.824,44.947,44.949,44.719,44.474,44.296,43.906,42.878,43.115,43.413
Canada,CAN,57.85,55.388,53.529,53.664,53.526,52.303,50.406,52.193,54.02,55.989,56.516,57.919,58.925,58.515,59.005,59.599,60.044,60.271,57.487,56.902,56.663,55.748,56.177,57.085,57.324,56.934,57.814,57.429,59.012,49.83,56.082,59.649
Central Europe and the Baltics,CEB,35.15441256,34.60454336,31.91601231,30.93454474,29.71710806,28.58031348,28.42168975,28.70464204,26.69990083,25.82042828,25.06888907,22.90175547,21.30459984,21.41969931,20.88795374,21.46145919,22.15465559,22.60361167,21.65848387,20.73309834,19.34208203,19.49923692,19.11908659,20.30203262,21.15405694,22.13149087,23.83958531,24.32255398,24.3526601,21.87206615,20.65783225,21.60617024
Switzerland,CHE,67.956,66.723,68.289,63.677,61.509,63.142,62.521,59.529,65.448,63.493,63.224,65.373,62.251,61.048,58.788,61.987,59.662,61.187,62.321,61.446,62.506,60.911,61.157,61.652,62.55,63.144,62.317,62.569,61.544,59.384,58.535,59.59
Channel Islands,CHI,43.278,42.271,41.298,41.513,41.298,40.727,40.744,42.138,41.976,42.845,43.474,41.259,40.226,39.372,40.19,40.891,42.277,42.409,39.496,38.057,38.993,37.627,37.276,37.729,38.43,38.723,39.323,40.264,40.185,38.65,39.101,39.628
Chile,CHL,26.435,27.294,27.572,26.536,27.697,24.203,24.959,23.941,20.567,20.085,19.256,18.347,18.858,19.724,20.496,21.011,21.834,22.459,21.909,24.11,25.531,25.92,25.294,24.856,24.818,24.285,24.417,24.434,23.405,16.274,17.623,20.731
China,CHN,75.299,74.277,72.818,71.452,70.186,68.86,67.512,66.263,64.987,63.687,61.866,60.176,58.613,57.554,56.347,55.26,54.144,52.667,51.302,50.265,49.071,48.076,47.101,46.148,45.249,44.504,43.782,43.365,42.286,38.612,40.327,40.024
Cote d'Ivoire,CIV,38.032,37.804,38.102,38.359,38.606,38.608,38.574,38.467,38.257,38.039,37.806,37.58,37.366,37.214,37.023,36.864,36.7,36.579,36.444,36.344,36.148,36.084,36.802,37.322,37.846,38.38,37.062,37.264,37.471,36.765,36.936,37.492
Cameroon,CMR,61.902,61.935,61.814,61.79,61.556,61.402,61.157,60.837,60.47,60.086,59.871,60.189,60.502,60.803,61.043,61.504,61.903,57.579,53.159,48.69,46.947,45.187,43.404,41.614,41.446,41.276,41.069,40.836,40.571,39.743,40.214,40.502
"Congo, Dem. Rep.",COD,47.302,47.534,47.741,47.871,47.869,48.067,48.18,48.215,48.202,48.204,48.357,48.462,48.532,48.579,48.61,46.819,45.05,43.3,41.564,39.87,38.192,36.546,36.559,36.531,36.459,36.436,36.369,36.247,36.079,35.21,35.504,35.77
"Congo, Rep.",COG,29.58,29.29,28.961,28.642,28.468,28.229,27.956,27.788,27.544,27.468,27.316,27.181,27.016,26.937,26.884,26.865,26.742,26.889,26.921,26.845,26.923,27.098,27.061,27.173,27.1,27.032,27.067,26.997,26.939,24.72,25.355,25.856
Colombia,COL,34.93,35.564,37.401,36.471,37.787,34.838,34.661,32.033,27.28,25.833,30.598,30.876,32.209,30.191,29.896,29.089,28.071,27.463,29.602,31.166,32.488,34.219,34.417,35.006,35.239,35.022,34.858,33.854,32.177,25.328,27.475,27.939
Comoros,COM,15.994,15.988,15.903,15.798,15.682,15.537,15.383,15.193,15.017,14.845,14.682,14.513,14.308,14.111,13.679,13.24,12.796,12.363,11.917,11.476,11.042,10.614,10.209,9.808,9.739,9.694,9.635,9.576,9.51,9.131,9.295,9.297
Cabo Verde,CPV,36.898,36.308,35.65,35.096,34.456,33.842,33.256,32.687,32.108,31.54,30.86,30.286,29.696,29.169,28.606,28.1,27.664,27.156,26.671,26.253,25.561,24.803,24.044,23.275,22.499,21.729,20.904,19.591,17.706,14.612,15.838,16.327
Costa Rica,CRI,31.245,30.626,31.538,31.357,30.794,26.305,28.548,31.766,31.049,30.391,31.849,30.004,30.223,27.514,29.292,30.136,33.494,34.415,29.465,26.863,24.143,28.153,30.03,27.234,27.627,23.558,24.447,24.432,24.756,18.985,21.846,23.049
Caribbean small states,CSS,29.90187248,29.43183384,29.47052098,29.39072504,29.86233393,29.68931494,29.12152476,28.71029321,27.85030417,27.74320138,27.08032992,26.67856876,26.47316025,27.21449214,27.46527334,28.78798285,28.54369175,28.45807241,26.15940323,24.49946463,24.43842927,23.57218141,23.02015356,23.14957393,24.25185879,25.23659289,25.71426416,25.59456616,25.4061618,22.52053767,23.62375174,25.7051706
Cuba,CUB,26.085,24.715,22.97,22.539,22.113,22.579,23.062,23.752,23.666,24.672,26.206,26.794,27.674,28.712,29.482,30.231,30.717,30.612,34.482,32.758,31.306,30.958,30.679,30.449,30.657,30.389,30.348,29.825,29.656,26.221,27.476,28.48
Curacao,CUW,,,,,,,,,,,,,,,,,,,,,,,,,,,,,,,,
Cayman Islands,CYM,,,,,,,,,,,,,,,,,,,,,,,,,,,,,,,,
Cyprus,CYP,42.192,42.279,39.996,39.799,39.389,38.352,37.626,37.266,33.956,33.671,37.416,35.511,36.231,34.164,32.832,33.61,35.423,36.072,33.153,33.246,28.617,25.902,23.029,26.013,27.059,26.396,31.064,35.393,34.313,32.143,33.391,31.197
Czechia,CZE,40.594,39.918,37.936,39.432,38.348,37.337,35.708,34.955,33.778,33.428,31.347,29.047,27.011,25.62,23.392,23.715,23.922,23.548,21.758,20.601,19.795,20.996,20.99,21.605,23.4,23.225,24.261,24.363,24.32,19.474,19.911,21.677
Germany,DEU,55.483,53.032,50.143,48.63,46.452,43.31,42.195,42.754,44.18,43.903,44.606,44.087,43.218,40.09,40.531,41.987,43.915,44.873,44.665,44.749,46.326,44.789,45.514,44.586,44.26,44.744,45.79,45.687,46.427,46.773,46.276,48.383
Djibouti,DJI,10.112,9.957,9.586,9.326,9.095,8.802,8.625,8.479,8.284,7.951,7.732,7.435,7.071,6.696,6.341,5.852,5.382,4.944,4.512,4.17,3.967,3.757,3.582,3.419,3.237,3.09,2.913,2.879,2.832,2.039,2.275,2.317
Dominica,DMA,,,,,,,,,,,,,,,,,,,,,,,,,,,,,,,,
Denmark,DNK,61.774,61.944,59.686,59.688,60.921,62.669,64.339,66.403,62.776,64.255,59.022,63.798,57.917,59.298,60.565,64.142,63.996,61.129,59.409,55.5,54.202,51.899,51.126,51.234,52.278,54.543,53.909,55.181,55.761,53.951,53.4,55.573
Dominican Republic,DOM,23.533,23.999,24.107,23.878,23.95,24.008,24.316,24.443,24.54,24.549,22.903,25.314,23.147,23.555,23.624,23.218,23.375,24.535,20.308,23.473,23.542,24.759,21.665,23.018,23.97,23.772,25.694,25.107,25.828,21.97,26.292,27.073
Algeria,DZA,11.849,11.044,10.614,10.178,9.108,9.506,9.536,8.877,8.19,7.542,7.479,7.097,6.843,7.583,7.173,7.231,6.165,5.835,5.428,5.662,6.001,5.663,5.511,5.252,5.245,5.105,5.026,4.975,4.942,3.968,4.381,4.557
East Asia & Pacific (excluding high income),EAP,68.10460478,67.2465353,65.72616038,64.49196473,63.19548992,61.88350869,60.31886313,58.87699855,57.6453968,56.62071238,55.1989115,53.86450403,52.5565334,51.72343902,50.56724698,49.85868323,49.21239079,48.14535689,47.18299289,46.29271611,45.23580005,44.59757891,43.63813263,42.78568477,41.99065498,41.15993587,40.48056861,40.10576211,39.92675095,36.7681827,37.50985044,37.42554163
Early-demographic dividend,EAR,26.65027068,26.59235217,26.10491861,26.11723336,25.64022857,25.6202658,25.46301465,25.40261504,25.30118096,24.85325897,24.50212596,24.35472651,24.09239421,23.80115815,23.51800205,23.37302428,23.10688701,22.69490727,22.31892384,21.98763512,21.62904938,21.40475019,20.75187931,20.1371779,19.65567018,19.15744373,18.78659965,18.15554231,19.1051082,17.42168554,18.21211073,18.67742768
East Asia & Pacific,EAS,65.7559509,64.94821342,63.5111426,62.42173752,61.23613971,60.02339582,58.57392037,57.14377725,55.99639954,55.13059043,53.88362947,52.67287944,51.48570255,50.77941709,49.77121895,49.10920335,48.45476477,47.4357093,46.4407415,45.58383286,44.61048756,43.96064659,43.13052932,42.36668324,41.67453599,40.99383267,40.40754794,40.2589918,40.17683667,37.17278588,38.01483565,38.0539199
Europe & Central Asia (excluding high income),ECA,37.16061394,37.35897521,34.85419298,34.10544592,32.78424828,31.19083167,28.99895858,27.37145413,28.48767393,28.01138152,27.60995682,28.01883505,27.03547869,26.48455455,26.95352178,26.84347093,27.40970288,27.7263221,27.11574375,26.86941098,27.00470971,26.15364424,26.29977046,25.95737478,25.83747381,25.63024993,25.1923532,24.82998823,24.78322867,22.48585974,23.1276427,
Europe & Central Asia,ECS,38.95287988,38.08883099,35.4761551,34.40277155,33.25322308,32.10050128,30.9913986,30.66549864,31.34045325,31.47806334,31.27421681,31.28633398,30.49476753,30.08222945,30.29868814,30.49372497,31.14565036,31.43610335,30.38524796,29.73795772,29.62298089,28.93723812,28.89013771,28.8886773,29.24110804,29.5648032,29.77934059,29.84340932,30.0703571,27.91259923,28.46897744,31.08250213
Ecuador,ECU,33.491,33.5,33.586,33.918,33.949,33.936,33.015,37.135,35.404,34.294,35.436,35.791,36.081,37.843,36.126,36.75,36.437,34.769,32.229,29.496,26.674,28.007,27.256,24.99,28.712,30.247,31.346,30.458,30.464,25.992,30.66,32.135
"Egypt, Arab Rep.",EGY,12.866,14.374,11.315,11.324,10.362,12.035,11.003,10.576,13.772,10.68,9.563,13.351,12.867,10.929,10.741,10.105,11.029,10.177,10.313,9.2,8.76,8.117,9.718,10.662,12.905,12.513,11.867,5.678,4.471,4.057,5.069,5.176
Euro area,EMU,37.60790324,35.76444563,33.04241412,31.51754737,30.50150104,29.36324546,29.17721165,30.40397215,31.48390047,32.61747431,33.1240905,33.06773317,33.06244665,32.4332104,32.68957615,33.12651082,34.1734906,34.31863588,32.58927473,31.45099156,31.14930714,29.9750871,29.48391076,29.08457322,29.46184283,29.96204127,30.85990639,31.43079185,31.9339802,30.09492235,31.42426429,33.49568551
Eritrea,ERI,62.662,63.278,63.955,64.575,65.242,64.818,64.085,63.36,62.63,62.014,60.097,58.485,57.001,55.763,54.507,54.549,54.609,54.844,54.948,54.781,55.726,56.485,57.179,57.733,58.065,57.843,57.826,58.003,57.769,54.966,55.395,56.065
Spain,ESP,25.032,23.714,20.376,19.736,19.924,19.23,20.094,21.083,23.727,26.763,27.372,27.806,28.821,29.275,32.981,34.511,33.967,32.575,26.647,24.304,21.959,18.283,16.29,16.005,17.265,17.232,19.701,20.536,20.138,16.563,19.283,22.36
Estonia,EST,41.207,36.782,36.189,38.954,33.162,32.355,31.538,30.98,24.257,25.298,22.948,19.658,20.467,24.713,26.792,25.775,29.805,32.878,26.643,24.145,28.973,30.346,30.632,33.287,32.892,36.29,38.195,39.974,37.501,33.443,34.03,40.6
Ethiopia,ETH,62.806,62.893,63.063,63.014,63.043,63.09,63.064,63.056,63.155,63.828,64.52,65.161,65.833,66.618,67.318,67.365,67.421,67.471,67.518,67.593,67.644,67.69,67.758,66.849,65.944,65.16,64.357,63.557,62.778,61.02,61.494,61.423
European Union,EUU,37.54878216,35.96422285,33.20668079,31.89872921,30.88371002,29.70825486,29.51464763,30.52865362,30.73352842,31.45919012,31.58728036,30.95483726,30.47989152,30.05234733,30.11046039,30.65732513,31.65561118,31.93101647,30.51014508,29.51350619,29.05376789,28.22875824,27.82923729,27.86531012,28.39072354,29.06547551,30.10340656,30.69517245,31.12813362,29.12377752,29.93359497,31.67529346
Fragile and conflict affected situations,FCS,41.50283536,41.38381558,41.09605833,40.62742401,40.20397609,39.83012331,39.52160731,39.164527,38.81403307,38.57526195,38.39788983,38.09946433,37.86019068,37.71160842,37.66569902,37.29241104,36.95142928,36.50594783,35.94710833,35.36131962,35.06927421,33.81784057,32.87410386,32.54945263,32.50026737,32.15699369,31.58263171,31.3998807,31.12745388,29.59961576,30.59486672,31.02429846
Finland,FIN,46.047,37.052,30.965,28.478,28.645,26.914,28.245,30.674,32.936,33.391,34.574,34.755,35.003,35.901,40.591,41.621,44.699,45.062,41.494,39.981,41.252,42.681,43.915,42.996,42.837,43.283,43.699,45.533,45.157,41.416,44.028,46.554
Fiji,FJI,28.08,27.604,27.371,26.924,26.67,26.234,25.225,24.48,23.828,22.783,22.053,21.27,20.42,19.712,19.61,20.029,20.376,20.815,21.188,21.698,22.128,22.44,22.852,23.204,22.186,21.161,20.694,20.319,20.395,19.613,19.67,20.133
France,FRA,29.252,27.86,26.238,24.041,23.455,22.775,21.757,22.773,23.163,25.197,25.781,26.064,27.589,26.787,27.023,26.529,28.215,28.587,28.443,27.186,26.817,26.246,25.773,25.623,26.112,26.133,26.522,27.311,27.936,26.599,30.756,31.747
Faroe Islands,FRO,,,,,,,,,,,,,,,,,,,,,,,,,,,,,,,,
"Micronesia, Fed. Sts.",FSM,,,,,,,,,,,,,,,,,,,,,,,,,,,,,,,,
Gabon,GAB,10.515,10.477,10.533,10.678,10.78,10.838,10.874,10.846,10.742,10.742,10.686,10.579,10.492,10.383,10.3,9.947,9.703,9.399,9.202,9.048,8.963,8.882,8.834,8.801,8.788,8.893,8.995,9.097,9.194,7.955,8.35,8.624
United Kingdom,GBR,58.109,55.785,53.318,52.519,51.923,53.526,53.554,53.502,53.262,53.832,53.308,54.249,52.985,53.592,52.957,52.767,51.475,50.918,48.125,46.279,45.532,46.263,46.37,47.976,49.841,51.259,50.938,50.065,50.723,48.174,46.142,47.974
Georgia,GEO,30.988,29.788,30.335,28.971,29.213,26.006,25.267,23.103,24.233,23.061,22.644,19.174,21.224,17.136,18.178,15.95,15.521,15.924,14.4,15.67,16.118,17.503,16.334,19.01,19.2,18.713,20.017,21.273,19.963,19.895,19.528,19.869
Ghana,GHA,57.575,54.891,53.763,52.601,51.482,50.369,49.253,48.164,45.898,45.303,45.223,45.126,45.009,44.865,44.7,44.52,43.295,42.15,40.891,39.729,40.011,40.154,40.319,37.71,35.166,36.549,37.917,37.67,37.429,36.311,36.742,36.799
Gibraltar,GIB,,,,,,,,,,,,,,,,,,,,,,,,,,,,,,,,
Guinea,GIN,47.832,48.224,48.52,48.719,48.854,49.234,49.49,49.636,49.714,49.678,49.957,50.126,48.371,46.655,44.944,43.239,41.613,39.961,38.322,36.792,35.262,33.766,32.295,30.876,29.499,28.204,26.907,25.632,24.416,23.745,24.252,24.17
"Gambia, The",GMB,28.406,28.762,29.015,29.167,29.348,29.581,29.796,29.954,30.125,30.238,30.325,30.321,30.444,30.436,30.336,30.369,30.395,30.4,30.374,30.341,30.253,30.411,31.839,33.285,34.841,36.369,37.957,39.566,39.35,37.963,38.208,38.844
Guinea-Bissau,GNB,33.79,33.746,33.654,33.456,33.147,33.089,32.898,32.742,32.549,32.296,32.022,31.76,31.501,31.231,30.956,30.81,30.649,30.484,30.331,30.191,30.145,30.097,30.036,29.961,29.86,29.792,29.693,29.576,29.389,28.831,28.905,29.083
Equatorial Guinea,GNQ,27.906,27.848,27.818,27.683,27.436,27.037,26.549,26.116,25.753,25.466,25.041,24.747,24.513,24.444,24.384,24.302,24.196,24.173,24.028,23.681,23.762,23.674,23.595,23.48,23.254,23.15,23.023,23.008,22.844,20.743,21.49,22.105
Greece,GRC,22.547,21.761,20.928,20.387,20.103,19.777,19.145,22.07,22.025,21.998,21.527,21.581,20.342,22.087,19.895,18.643,18.65,18.612,18.181,16.046,12.787,9.879,9.056,10.853,10.876,11.24,12.357,12.008,13.191,11.685,11.073,13.171
Grenada,GRD,,,,,,,,,,,,,,,,,,,,,,,,,,,,,,,,
Greenland,GRL,,,,,,,,,,,,,,,,,,,,,,,,,,,,,,,,
Guatemala,GTM,31.964,32.056,32.087,32.147,32.289,32.193,32.253,32.37,32.398,32.414,32.309,32.342,32.282,31.626,31.492,31.395,31.298,31.173,31.068,31.034,33.199,36.648,30.141,29.956,28.52,30.825,28.455,30.49,30.082,27.201,28.005,28.933
Guam,GUM,46.147,45.093,42.747,39.895,38.96,37.82,35.547,36.641,29.844,27.677,28.914,29.322,31.033,32.811,41.841,40.665,32.039,30.883,29.532,34.209,28.251,32.907,33.609,37.66,38.498,40.272,40.336,40.587,40.585,38.76,39.313,39.259
Guyana,GUY,23.121,23.203,23.449,23.249,23.006,22.838,22.621,22.344,22.206,21.979,21.843,21.671,22.208,22.823,23.437,24.13,24.354,24.51,24.751,24.967,25.198,25.395,25.562,25.713,25.847,26.004,26.094,26.142,24.069,21.974,22.462,23.813
High income,HIC,42.49377659,41.58571168,40.37218459,40.08964763,39.60732061,39.13363869,39.10774345,39.47213914,39.4690443,40.05284958,39.79733647,39.15747118,38.4795754,38.39488622,38.5893762,38.60407671,38.60176508,38.16791276,36.30716453,35.30110481,35.15146326,34.94144894,35.18886347,35.66228185,36.37701402,37.04327797,37.6708104,38.3475729,38.9028157,35.8126716,37.76280426,39.21672044
"Hong Kong SAR, China",HKG,53.013,51.426,50.015,49.738,46.456,46.857,46.331,44.459,41.159,40.28,41.345,40.086,39.36,40.641,41.261,40.567,41.324,39.674,36.26,32.987,34.217,34.722,36.889,36.099,37.452,38.351,38.265,38.056,38.276,32.215,31.793,32.037
Honduras,HND,34.477,36.441,36.551,36.15,36.262,35.372,36.235,35.465,35.543,34.154,33.176,31.85,29.853,27.895,28.363,26.096,26.176,26.439,26.178,27.234,25.896,24.418,28.25,28.432,30.134,28.827,30.879,34.092,30.912,31.877,31.467,32.403
Heavily indebted poor countries (HIPC),HPC,49.80901713,49.68462635,49.46920728,49.28797361,49.24746682,49.18808591,49.04825663,48.86415476,48.62890872,48.43457764,48.44759543,48.33742486,48.13463594,48.12031922,48.09287534,47.76015917,47.31311696,46.7963976,46.06434073,45.26047518,44.76621819,44.19823069,44.16026347,43.77943157,43.39210109,43.28269949,42.94967655,42.70813579,42.42811423,40.74791955,42.73431192,43.04192825
Croatia,HRV,25.225,25.722,26.415,26.769,27.392,27.942,27.949,26.063,23.847,21.557,21.294,21.971,20.763,21.854,21.436,21.842,22.259,21.481,21.779,20.468,17.231,14.727,12.392,15.312,15.764,22.231,21.845,20.384,21.928,19.033,20.131,22.706
Haiti,HTI,31.885,30.898,30.002,29.069,28.4,27.499,26.657,25.843,25.056,23.264,22.65,22.043,21.431,20.717,20.107,18.935,17.937,18.119,18.531,18.351,18.998,19.092,19.227,19.286,19.266,19.183,19.151,19.054,18.696,17.073,17.62,17.729
Hungary,HUN,33.981,33.782,30.308,29.482,26.963,23.956,24.706,29.848,31.145,29.156,26.373,25.559,23.404,20.286,19.247,18.59,17.703,17.077,16.223,16.565,16.178,17.059,17.038,20.462,23.114,24.618,24.806,24.304,24.014,23.121,23.918,24.524
IBRD only,IBD,45.84103774,45.17087138,43.86518989,42.76897907,41.57241183,40.41450297,39.28018636,38.27854077,37.58416899,36.83067544,36.05549677,35.4673418,34.7459759,34.38270208,33.99398816,33.51910532,33.05229106,32.27463692,31.37552529,30.50582545,29.63108393,28.91028543,27.8504929,26.85328738,25.89246096,24.97394033,24.27170739,23.57025781,24.06933261,21.39471186,22.50512445,23.0073718
IDA & IBRD total,IBT,44.26675808,43.6638272,42.54834414,41.61099082,40.54932203,39.61710816,38.72678767,37.92344689,37.25650717,36.55617504,36.00010512,35.60321128,35.04124665,34.72918643,34.40238087,34.0083618,33.5968798,32.96686088,32.25984781,31.58809502,30.89664752,30.2141587,29.36568628,28.66014834,27.97893853,27.30344743,26.81493606,26.30136111,26.68901593,24.48229661,25.50369536,26.03399135
IDA total,IDA,37.99810717,37.81128857,37.5799123,37.37298876,36.91087715,36.85541595,36.85201031,36.74608381,36.19276541,35.68010679,35.82556552,36.02755396,35.95606261,35.7925357,35.6425417,35.47157131,35.19099927,34.94791738,34.73172912,34.53356018,34.24176155,33.5565005,33.13560985,33.02126158,32.8543144,32.5785209,32.40954834,32.14149493,32.13988553,30.74306,31.74821669,32.0381029
IDA blend,IDB,27.07930574,27.01698166,26.53318291,26.18704469,25.18845534,25.45902075,25.98723621,25.78427017,24.88164001,24.05549727,24.8317822,25.77297417,25.95317473,26.15695082,26.32932131,26.52036132,26.48021717,26.37392787,26.60177883,26.57882923,26.36915201,24.89915428,23.54062779,23.66900342,23.41073832,23.17148424,22.83413992,22.51145909,22.93307481,21.71924881,22.84244566,23.01568912
Indonesia,IDN,38.04,38.487,37.052,37.188,36.465,35.689,34.143,32.969,33.165,34.267,31.974,30.771,29.887,29.328,26.413,28.586,30.022,30.547,30.425,30.621,29.932,32.005,31.087,30.276,30.554,30.97,32.363,31.886,34.676,33.287,33.074,33.432
IDA only,IDX,43.18407719,42.92829564,42.80995186,42.68565488,42.50565118,42.3365023,42.12197699,42.1054033,41.75838278,41.44728961,41.32351431,41.16675499,40.96600413,40.62198352,40.3127811,39.95937441,39.5588022,39.24853523,38.80982436,38.52525304,38.18767761,37.8810394,37.91247423,37.66131024,37.52415048,37.21308444,37.11213255,36.86113767,36.64233046,35.15037606,36.44436646,36.79934469
Isle of Man,IMN,,,,,,,,,,,,,,,,,,,,,,,,,,,,,,,,
India,IND,21.027,20.973,20.993,21.067,21.142,21.19,21.23,21.226,21.205,21.207,20.931,20.654,20.338,20.022,19.681,18.964,18.24,17.536,16.783,16.061,15.155,14.272,12.939,11.691,10.531,9.459,8.478,7.57,9.373,7.914,8.962,9.431
Not classified,INX,,,,,,,,,,,,,,,,,,,,,,,,,,,,,,,,
Ireland,IRL,44.766,41.4,41.267,42.125,42.826,41.988,44.911,50.352,53.923,54.462,52.437,51.398,52.203,50.775,56.599,57.1,59.132,55.633,47.744,40.881,38.162,37.139,37.138,36.727,37.306,41.738,39.766,39.354,41.025,36.518,42.788,49.997
"Iran, Islamic Rep.",IRN,7.788,7.82,7.884,7.941,8.017,8.083,8.218,8.366,8.499,8.649,8.739,8.867,10.084,11.331,11.375,10.755,10.104,8.278,8.623,7.499,6.414,7.132,5.699,4.911,5.59,6.297,7.111,7.352,6.991,5.31,5.601,6.045
Iraq,IRQ,4.005,3.931,3.896,3.851,3.8,3.762,3.697,3.83,3.972,4.123,4.275,4.439,4.62,4.831,5.024,5.243,5.467,5.195,4.916,4.649,4.387,4.138,3.965,3.735,4.612,5.603,1.887,1.776,1.612,1.233,2.653,2.442
Iceland,ISL,56.516,53.688,53.938,53.126,61.834,58.703,62.745,69.699,72.181,77.972,76.906,68.261,67.49,70.327,73.505,74.422,74.788,73.811,66.677,65.596,66.729,68.667,75.219,73.618,76.563,78.323,76.794,76.583,76.184,68.747,68.235,71.629
Israel,ISR,34.662,36.112,39.278,43.938,45.393,46.041,44.372,42.112,43.242,45.142,44.098,39.939,40.151,41.156,43.66,43.468,43.634,44.193,44.089,44.024,42.675,42.449,43.102,43.235,43.434,43.734,44.387,44.033,43.522,39.763,41.169,42.399
Italy,ITA,27.609,25.112,23.364,21.72,20.584,20.342,19.951,20.22,20.663,21.835,22.089,21.057,20.69,22.668,20.833,20.075,19.545,19.294,16.952,16.351,15.503,15.007,13.724,12.791,12.459,13.761,13.886,14.297,15.18,12.847,13.537,16.02
Jamaica,JAM,38.314,37.559,36.971,36.168,35.513,34.824,34.168,33.524,31.205,29.218,27.3,26.692,26.096,25.834,25.696,25.582,25.431,25.272,22.364,19.505,21.059,18.363,17.148,17.356,19.379,22.65,23.816,23.74,25.172,23.066,23.395,27.241
Jordan,JOR,5.66,5.507,5.262,5.089,4.9,6.035,6.129,6.221,6.316,6.409,6.179,6.09,5.845,5.161,4.451,4.653,5.006,5.045,5.145,5.848,6.045,6.313,5.447,5.533,5.254,5.496,6.489,4.968,4.952,4.534,4.703,4.851
Japan,JPN,43.963,44.679,44.328,44.688,44.525,44.691,44.632,44.427,43.106,43.176,42.552,41.355,40.664,40.925,41.804,42.191,41.511,41.896,41.262,40.439,40.572,38.897,40.955,41.201,40.956,42.973,43.304,46.693,48.423,47.144,47.728,48.141
Kazakhstan,KAZ,48.123,48.71,49.765,44.371,41.469,39.373,39.039,38.837,38.232,38.175,39.207,38.897,39.758,39.063,39.332,39.663,40.08,40.494,39.924,40.181,39.58,38.653,38.11,40.347,42.618,40.005,37.481,37.115,36.69,35.169,35.684,36.315
Kenya,KEN,50.495,50.018,49.512,49.008,48.522,48.14,47.822,47.613,47.323,46.909,46.547,46.116,45.741,45.362,44.966,44.563,44.153,43.669,43.277,42.905,42.466,42.052,41.637,41.242,40.838,40.422,39.085,37.776,36.43,35.406,35.587,35.872
Kyrgyz Republic,KGZ,37.023,38.261,39.508,41.134,41.446,40.883,40.146,40.007,39.693,39.238,38.797,38.813,36.552,34.343,34.191,33.899,34.328,34.773,35.245,33.342,33.559,30.696,32.595,31.241,30.33,27.558,24.26,22.003,21.294,21.101,21.263,21.298
Cambodia,KHM,67.398,67.118,67.271,74.094,72.531,72.326,71.796,71.128,70.266,69.63,68.957,68.252,67.464,66.703,65.964,65.305,64.618,64.251,63.706,62.893,62.458,61.614,61.004,60.246,59.662,58.918,58.754,58.1,57.445,56.681,56.691,56.382
Kiribati,KIR,,,,,,,,,,,,,,,,,,,,,,,,,,,,,,,,
St. Kitts and Nevis,KNA,,,,,,,,,,,,,,,,,,,,,,,,,,,,,,,,
"Korea, Rep.",KOR,39.866,39.395,39.078,39.222,39.576,38.567,37.128,31.499,31.637,32.23,33.985,34.931,34.436,34.682,33.773,31.138,28.571,26.802,25.107,25.854,25.9,26.651,26.364,27.721,28.739,28.856,28.616,28.602,27.818,26.559,29.24,31.192
Kuwait,KWT,20.858,20.654,20.481,20.297,19.649,20.268,20.902,21.554,22.232,22.766,23.47,23.749,24.119,22.764,22.284,21.822,20.968,19.878,19.362,18.898,17.823,16.75,15.696,14.683,13.574,11.663,11.804,11.809,11.839,10.018,10.929,11.714
Latin America & Caribbean (excluding high income),LAC,35.41801473,35.63725368,35.98969592,35.69961789,35.08535691,34.23532993,34.40039648,34.58005234,34.39809092,33.83887615,34.10358168,34.07601885,33.8709843,34.36216435,35.11103115,35.47739748,35.72322288,35.57978506,34.57152477,34.58453305,34.20377081,34.50635116,33.88538345,33.43539205,32.4192139,31.54425687,31.58742165,31.97565116,32.33650489,27.35533624,30.60155038,32.894261
Lao PDR,LAO,65.692,65.349,64.889,64.217,63.467,62.98,62.475,62.206,61.756,61.267,60.83,60.358,59.847,59.292,58.657,57.849,57.142,56.43,55.756,54.943,53.739,52.538,51.331,50.176,49.065,47.99,46.943,46.229,45.623,44.332,44.75,45.12
Lebanon,LBN,16.253,15.997,15.804,15.594,15.36,15.154,14.978,14.862,14.773,14.715,14.743,14.805,14.896,14.967,14.9,14.843,14.809,15.478,16.181,16.774,17.362,17.997,18.644,19.291,19.962,20.641,21.256,21.799,22.267,18.447,19.324,20.05
Liberia,LBR,55.049,54.79,54.415,54.072,54.032,53.879,53.667,53.516,53.344,53.011,53.115,53.177,53.194,53.204,53.267,53.386,53.489,53.578,53.611,53.542,53.836,54.061,54.212,54.31,53.7,53.111,52.723,52.301,51.866,50.249,50.751,51.074
Libya,LBY,6.444,6.295,6.185,6.088,5.933,5.87,5.749,5.626,5.495,5.353,5.186,5.023,4.888,4.696,4.549,4.389,4.25,4.106,3.964,3.844,3.608,3.522,3.407,3.375,3.41,3.423,3.491,3.474,3.458,2.818,3.043,3.117
St. Lucia,LCA,34.849,35.088,35.123,35.099,36.851,38.291,34.562,32.694,37.967,37.533,36.293,35.285,31.494,34.732,36.817,39.332,40.763,44.719,42.491,40.091,38.04,36.908,32.496,32.97,33.179,33.619,33.883,36.547,36.347,31.849,32.861,34.807
Latin America & Caribbean,LCN,34.63130636,34.96108119,35.35660111,34.93806808,34.33621012,33.39679842,33.6154912,33.78788849,33.41660225,32.9357408,33.16092113,32.90989559,32.65464927,33.22059964,34.17855285,34.50248169,34.73026587,34.63034495,33.65816552,33.59706422,33.26020398,33.51596103,32.85411961,32.4201406,31.47412303,30.65514105,30.62703632,30.95302476,31.17711477,26.28910526,29.3861036,31.58657013
Least developed countries: UN classification,LDC,45.1442329,44.96212874,44.73935508,44.63655049,44.54268658,44.44513959,44.24528337,44.04930679,43.81962433,43.55287448,43.48069521,43.33898829,43.13069869,42.83813031,42.51560765,42.14475132,41.81369829,41.50786353,41.04604264,40.48462449,40.11200712,39.73839623,39.58117265,39.28543866,39.09345082,38.74055181,38.60027616,38.40842511,38.23398345,36.65532244,38.21169248,38.62570616
Low income,LIC,48.51296102,48.50964406,48.28309395,47.96212167,47.89500023,47.7420019,47.4884915,47.16890865,46.97672344,46.80917534,46.65791555,46.48906862,46.30715536,46.25003328,46.13115392,45.53855691,44.97526613,44.50373347,43.99227059,43.52212625,43.17517771,42.77460104,42.88210831,42.65029809,42.53900295,42.23913153,41.91516414,41.51585068,41.16767157,39.63289286,41.76091602,41.90810706
Liechtenstein,LIE,,,,,,,,,,,,,,,,,,,,,,,,,,,,,,,,
Sri Lanka,LKA,21.657,19.074,21.476,22.163,19.436,19.176,19.442,28.079,23.417,21.426,20.723,18.747,18.197,17.235,16.839,19.187,18.927,19.214,18.254,18.922,17.612,17.57,17.985,16.949,18.468,16.632,18.315,14.638,15.683,15.541,15.537,14.341
Lower middle income,LMC,27.22401903,27.14598226,26.98018073,26.93654447,26.62555775,26.61840525,26.42911503,26.29133045,26.00387989,25.45965438,25.48775492,25.53323493,25.28761276,24.97990914,24.74063968,24.35798902,23.94748646,23.49017466,23.19656389,22.66306613,22.07606297,21.30243945,20.50661682,19.96564692,19.37394016,18.70008611,18.14489074,17.48360043,18.37995182,16.82165469,17.28636852,17.69367234
Low & middle income,LMY,44.57894487,43.95699939,42.84447637,41.92559892,40.86813091,39.95310193,39.04135735,38.22193676,37.59041036,36.87565191,36.3118396,35.95712029,35.40779192,35.06332567,34.70151176,34.29356755,33.86553617,33.21372461,32.50759467,31.83743299,31.14481133,30.45583021,29.61077315,28.89167904,28.20379632,27.51054204,27.01125509,26.48908577,26.88711161,24.69312335,25.72370496,26.24922771
Lesotho,LSO,46.643,46.072,45.392,44.807,44.069,43.647,43.094,42.502,41.914,40.826,39.638,38.385,37.264,35.998,34.818,33.611,32.379,31.169,29.821,28.712,27.485,26.317,25.067,24.747,24.414,24.213,23.885,23.684,23.477,21.894,22.438,22.587
Late-demographic dividend,LTE,64.01330212,63.26733504,61.88731358,60.31328667,58.99575729,57.32799677,55.72815551,54.16530879,52.94097381,51.95029556,50.98488758,50.06392651,48.87916992,48.40762564,47.90787937,47.1394525,46.65299302,45.83364716,44.79401971,44.01509567,43.0298253,42.26424855,41.5681935,40.92731295,40.01438045,39.01616329,38.47054708,38.2073843,37.77528506,34.06979761,35.24032092,36.44233555
Lithuania,LTU,44.486,42.927,32.593,31.518,28.126,27.816,28.104,28.142,29.611,23.768,21.007,21.503,19.295,16.158,17.386,20.842,19.993,21.761,20.04,17.381,17.007,20.154,21.537,24.09,25.697,27.873,28.468,30.683,32.355,28.24,29.255,31.871
Luxembourg,LUX,48.727,49.148,43.74,42.001,36.965,35.767,32.537,31.509,30.04,28.154,30.449,28.476,26.18,20.619,21.442,22.213,22.244,20.689,24.403,20.434,18.582,20.148,19.541,18.957,28.975,25.542,24.624,28.531,26.404,24.49,29.127,27.556
Latvia,LVA,33.176,34.928,28.011,26.296,26.057,24.523,28.142,29.437,28.017,24.967,23.725,25.312,23.791,21.243,26.139,28.596,32.313,31.785,25.373,24.235,23.358,25.509,27.072,28.291,31.894,31.604,30.946,30.669,29.553,26.709,25.626,30.287
"Macao SAR, China",MAC,46.171,45.369,45.886,45.785,45.852,45.766,45.542,41.859,42.756,44.2,41.642,38.171,30.71,30.998,35.516,36.903,43.176,45.18,46.994,46.177,46.066,43.312,45.597,44.719,43.159,40.24,40.519,41.323,41.729,38.503,39.898,39.371
St. Martin (French part),MAF,,,,,,,,,,,,,,,,,,,,,,,,,,,,,,,,
Morocco,MAR,19.194,19.246,19.309,18.973,19.135,18.74,18.736,18.498,18.431,18.332,18.048,17.796,18.001,18.326,18.356,18.42,18.695,18.048,17.406,16.234,15.376,14.186,14.268,15.027,13.824,12.023,11.851,11.673,11.524,9.993,9.526,9.888
Monaco,MCO,,,,,,,,,,,,,,,,,,,,,,,,,,,,,,,,
Moldova,MDA,27.978,27.601,27.953,26.979,27.321,26.423,26.309,25.76,25.474,26.459,26.211,25.939,18.473,17.318,16.763,16.235,15.236,16.118,16.257,16.806,17.294,15.841,15.817,15.884,16.505,16.308,16.519,17.463,16.716,13.674,12.461,13.247
Madagascar,MDG,68.71,68.689,68.588,68.459,68.371,68.389,68.398,68.381,68.345,68.273,68.76,68.232,67.999,69.5,71.015,70.733,70.414,70.043,69.526,68.907,70.309,72.205,71.728,71.254,70.776,70.395,70.034,69.686,69.347,67.679,68.028,68.749
Maldives,MDV,18.216,18.972,19.757,20.577,21.399,22.698,24.043,25.444,26.895,28.387,28.6,28.764,28.905,29.051,29.209,29.096,29.093,29.076,29.213,30.297,31.529,32.877,34.271,35.737,37.252,38.787,39.68,39.697,39.129,35.201,36.239,37.893
Middle East & North Africa,MEA,12.20191734,12.49543522,11.91371385,11.81285578,11.4951116,11.81190809,11.51535321,11.27602265,12.0163935,11.17591437,10.70335418,11.33854707,11.4705482,11.2535805,11.04099452,10.61596037,10.4630058,9.674565114,9.563653742,8.962998327,8.460684155,8.253556505,8.26280317,8.269347251,8.882675682,8.960304943,8.416800749,6.950924666,6.584221213,5.863908066,6.241699977,6.435090479
Mexico,MEX,32.484,33.019,33.639,32.782,31.458,31.435,32.731,34.066,34.179,33.977,32.274,30.01,29.427,28.718,31.523,32.164,32.227,31.175,29.657,29.797,29.693,30.306,29.516,28.58,28.425,28.459,28.294,28.578,29.809,26.167,29.655,30.041
Marshall Islands,MHL,,,,,,,,,,,,,,,,,,,,,,,,,,,,,,,,
Middle income,MIC,44.28842384,43.6137819,42.42491184,41.44898945,40.30130291,39.31354337,38.33827406,37.46631785,36.78395438,36.01010177,35.39915155,35.01472067,34.41727911,34.03041362,33.62768586,33.21227785,32.76635856,32.06392039,31.30323413,30.57393419,29.8002172,29.03182052,28.02854519,27.19971607,26.38134974,25.57514875,24.99146347,24.39109091,24.83345683,22.48454073,23.42196061,23.89907556
North Macedonia,MKD,17.459,16.313,15.354,13.6,10.156,8.116,9.872,11.102,12.852,12.091,12.811,11.949,9.997,10.544,11.687,11.475,11.379,11.937,10.702,10.659,10.805,12.578,12.988,11.109,14.134,11.604,11.856,12.358,15.837,14.412,12.455,12.954
Mali,MLI,50.661,50.627,50.623,50.548,50.407,50.516,50.501,50.447,50.371,50.302,50.455,50.507,50.615,50.663,50.738,50.995,51.191,51.349,51.463,51.534,51.808,51.975,52.086,52.143,56.029,54.207,52.323,52.066,51.761,38.33,43.089,45.037
Malta,MLT,56.365,56.055,55.299,54.956,54.986,54.915,53.8,53.989,53.651,52.765,51.655,49.862,45.838,41.251,43.093,41.979,44.487,44.993,42.237,42.405,41.784,41.827,45.055,47.344,44.572,43.359,46.082,52.509,50.634,47.898,48.819,50.419
Myanmar,MMR,81.345,80.18,79.506,78.579,77.744,76.98,76.335,75.662,74.294,72.54,71.068,69.486,67.659,65.854,64.023,62.232,60.568,59.135,57.659,56.329,55.612,54.639,53.506,52.431,51.488,46.832,42.218,42.216,40.051,36.732,,
Middle East & North Africa (excluding high income),MNA,11.9457174,12.23092066,11.52302297,11.32987124,10.96195151,11.29273893,10.98276921,10.7402252,11.52056557,10.61931289,10.13312323,10.93668028,11.08550533,10.85663293,10.59941722,10.13390088,9.967016747,9.080127827,8.974143477,8.264361031,7.711337164,7.499294887,7.474231614,7.497200062,8.201276436,8.217295604,7.735497765,6.013094922,5.571020441,4.694361733,5.247790317,5.394163602
Montenegro,MNE,8.609,8.747,8.811,8.183,7.778,7.377,7.394,7.116,7.417,7.008,6.836,6.617,6.387,6.085,5.81,8.029,10.242,10.788,10.352,10.164,10.25,12.949,12.276,15.906,17.809,19.471,18.79,20.89,23.878,15.144,17.912,19.683
Mongolia,MNG,33.593,35.024,35.642,35.509,34.81,34.566,34.181,33.847,33.562,33.52,33.296,32.861,31.982,31.281,30.534,29.827,29.105,26.931,25.897,23.562,24.591,24.689,23.439,22.352,21.356,17.513,17.368,18.286,23.389,22.021,17.112,17.261
Northern Mariana Islands,MNP,,,,,,,,,,,,,,,,,,,,,,,,,,,,,,,,
Mozambique,MOZ,80.887,80.395,80.075,79.754,79.482,79.655,79.711,78.675,77.635,76.514,75.486,74.37,73.237,72.107,70.946,69.794,68.595,67.387,66.158,64.925,63.686,62.428,61.157,59.88,58.581,58.42,58.247,58.046,57.834,56.801,56.943,57.046
Mauritania,MRT,15.072,15.216,15.335,15.386,15.49,15.552,15.594,15.679,15.716,15.696,15.518,15.303,15.077,14.832,14.618,14.464,14.234,14.098,13.99,13.893,13.839,13.776,12.979,12.189,11.433,10.689,10.004,9.905,9.806,9.29,9.492,9.582
Mauritius,MUS,26.645,26.297,26.027,25.753,25.404,25.463,25.498,25.523,25.478,25.542,22.24,24.152,24.894,24.499,23.199,24.889,23.57,24.098,23.116,23.727,23.731,22.803,22.575,22.146,24.619,24.976,24.571,26.774,24.686,24.445,24.016,24.279
Malawi,MWI,60.855,60.78,60.733,60.554,60.741,60.963,61.281,61.627,61.911,62.091,62.389,62.607,62.696,62.733,62.784,61.424,60.045,58.569,57.06,55.509,53.932,52.893,51.883,50.812,49.725,48.654,47.596,47.175,46.72,48.311,47.68,47.603
Malaysia,MYS,36.602,35.712,34.223,33.979,33.737,34.143,33.301,34.105,33.566,33.037,32.464,32.06,31.787,31.04,30.78,30.712,30.139,29.995,29.074,28.258,29.535,29.184,29.823,30.588,29.552,30.424,30.452,30.649,32.855,30.165,30.406,31.043
North America,NAC,49.99310816,49.53430869,49.82590607,50.63910435,50.45882117,50.45633461,50.91618994,51.99690812,51.99119212,52.55102842,51.50026188,50.19050421,48.7846596,48.53382795,48.93508419,48.6759625,48.35540958,47.04009493,44.17063216,42.5189327,42.34341316,42.65480606,43.20609789,44.11714765,45.07271727,45.50911607,46.50958621,46.86665201,47.66225515,42.0287631,46.19556184,47.54038719
Namibia,NAM,23.974,23.247,22.403,21.687,19.555,17.492,15.558,15.832,16.12,16.407,15.807,15.271,14.676,14.196,14.115,14.24,14.275,14.288,14.293,14.397,15.687,16.999,17.995,17.577,17.186,16.614,16.503,16.267,16.219,14.999,15.304,15.569
New Caledonia,NCL,24.359,23.924,23.843,23.715,23.339,22.729,22.975,23.154,23.758,23.972,24.092,24.238,24.321,24.222,24.424,24.602,24.689,24.984,25.503,25.275,24.797,24.57,24.512,24.45,23.755,23.059,22.514,21.765,21.059,18.462,20.349,20.298
Niger,NER,55.535,55.505,55.374,55.205,55.003,55.136,55.223,55.327,55.385,55.478,55.91,55.764,55.574,55.381,55.268,56.176,56.962,57.687,58.282,58.805,59.328,53.861,52.808,51.735,51.646,51.63,51.542,51.404,51.22,50.59,51.325,51.833
Nigeria,NGA,28.071,27.988,27.825,27.654,27.46,27.409,27.297,27.167,27.029,26.911,26.945,26.966,26.927,26.917,26.894,27.001,27.077,27.125,27.158,27.173,27.241,23.146,19.463,19.56,19.646,19.731,19.847,19.959,20.069,19.254,19.602,19.868
Nicaragua,NIC,21.529,21.417,21.262,21.36,21.605,21.905,22.131,22.337,22.686,22.99,23.303,23.605,23.934,24.141,25.727,26.525,26.809,26.03,25.133,25.632,26.836,28.035,28.225,28.089,28.09,28.779,29.141,26.858,25.833,23.746,24.388,24.97
Netherlands,NLD,53.382,56.421,54.489,54.715,54.374,54.277,55.862,59.368,62.961,67.192,69.604,69.746,68.752,66.341,59.5,59.957,62.499,64.11,63.642,61.97,62.935,62.817,61.299,59.088,61.936,62.369,63.847,65.386,66.192,63.786,63.998,65.805
Norway,NOR,49.112,47.481,45.957,46.776,45.242,51.024,52.549,56.275,55.829,56.629,57.013,57.968,56.075,56.959,53.725,52.943,56.191,58.136,54.294,52.579,52.287,53.815,53.825,52.137,51.756,50.064,49.12,49.829,50.459,49.846,55.331,58.75
Nepal,NPL,13.679,13.825,14.002,14.17,14.428,14.316,14.247,14.226,14.225,14.28,14.04,13.866,13.67,13.523,13.438,13.626,13.715,13.69,13.67,13.672,13.803,14.138,14.641,15.125,15.546,16.123,16.394,16.556,16.564,15.16,15.364,15.805
Nauru,NRU,,,,,,,,,,,,,,,,,,,,,,,,,,,,,,,,
New Zealand,NZL,52.801,51.331,50.945,53.108,55.559,56.283,55.447,53.619,51.759,52.377,52.862,53.668,53.374,52.715,53.305,55.216,55.589,53.393,48.011,47.053,46.809,45.9,47.374,49.334,50.998,51.849,53.069,56.045,56.122,54.129,57.895,60.876
OECD members,OED,41.70312069,40.82226703,39.55182083,39.53108976,38.99707078,38.59677838,38.50024116,38.93176674,38.83983228,39.03119647,38.8383655,38.11811932,37.40134041,36.93879034,37.49852282,37.63023244,37.67632594,37.2762232,35.6391044,34.95375097,34.92121887,34.86829906,35.04109033,35.36655519,35.95920642,36.46924671,36.9496195,37.48640019,37.98243588,34.33935138,36.70219884,38.16549322
Oman,OMN,19.793,19.604,19.404,19.263,19.112,19.376,19.549,19.723,19.927,19.839,19.662,19.723,19.824,19.008,18.2,17.398,16.641,15.857,15.011,13.953,13.002,11.956,10.986,10.132,9.583,8.958,9.918,10.891,10.892,8.99,9.916,10.88
Other small states,OSS,29.99470904,29.26347759,28.71237289,28.44465158,27.75146467,27.23116913,26.76737832,26.61454666,26.43806196,26.43382802,25.5214669,24.94282621,24.66506414,24.65708244,24.67223357,24.74332646,24.66730629,24.52299131,23.65583413,22.92354265,22.76618342,22.68900694,22.62910379,22.96401845,23.3518051,23.54340348,23.84975773,24.30690204,24.03731583,22.21455612,22.71219167,23.27722143
Pakistan,PAK,13.483,13.486,12.968,12.822,10.719,12.327,14.082,14.135,12.144,10.279,12.489,14.893,15.435,15.978,16.473,16.973,16.923,17.376,18.656,19.357,18.996,18.899,18.789,19.33,18.8,18.281,17.76,17.226,18.579,17.005,19.253,19.279
Panama,PAN,28.105,28.938,29.796,29.765,29.13,29.446,29.764,29.416,29.996,29.546,29.093,28.664,29.483,28.505,29.01,27.049,26.675,27.244,28.078,25.66,24.864,27.358,29.566,27.726,25.904,26.443,26.756,26.878,27.589,18.141,24.377,25.972
Peru,PER,34.17,34.072,36.009,37.837,41.163,42.07,43.039,45.601,49.182,41.858,46.438,48.494,50.458,50.837,52.434,54.931,57.383,58.496,58.956,59.754,58.178,57.268,56.928,54.59,52.113,51.281,53.061,52.606,53.299,43.89,48.377,48.463
Philippines,PHL,31.174,31.434,31.501,31.303,31.009,30.587,30.177,30.326,30.305,30.024,29.82,29.757,29.543,29.192,29.615,28.908,28.8,27.665,28.137,28.282,29.334,29.017,28.415,29.086,28.197,27.537,25.112,25.01,24.82,21.198,22.297,23.522
Palau,PLW,,,,,,,,,,,,,,,,,,,,,,,,,,,,,,,,
Papua New Guinea,PNG,59.982,58.01,55.315,54.534,55.537,54.734,55.846,57.078,57.276,58.166,56.243,54.247,52.24,50.187,48.141,46.042,43.964,41.818,39.79,37.756,37.776,37.453,37.205,35.85,35.239,34.789,34.576,34.832,34.364,33.827,33.913,33.808
Poland,POL,28.899,28.279,25.908,24.88,23.639,23.846,23.715,24.595,21.679,22.046,21.926,19.708,18.288,18.292,19.643,21.003,22.372,23.709,23.179,22.097,20.004,19.881,19.529,21.364,21.302,23.746,25.177,27.007,27.809,24.229,22.831,24.011
Pre-demographic dividend,PRE,42.48943204,42.41758458,42.19744777,42.025667,41.96129851,41.93481915,41.81213973,41.66777429,41.50660755,41.35031856,41.32290875,41.20507376,41.00833168,40.96171928,40.85323398,40.59926856,40.36437534,39.89455251,39.22157282,38.19107039,37.71895542,36.40465743,35.43997966,35.21921683,35.1714988,35.12979082,34.62643084,34.43718689,34.32792231,32.84630339,34.32115705,34.68690251
Puerto Rico,PRI,12.782,13.603,18.067,18.578,18.473,17.694,19.508,19.172,21.797,21.629,20.844,20.454,21.889,21.727,22.546,19.706,17.177,17.906,14.657,12.828,12.895,13.234,13.465,13.763,14.534,13.639,12.896,12.281,11.53,10.795,11.252,11.811
"Korea, Dem. People's Rep.",PRK,61.031,62.356,63.183,63.638,64.471,65.115,66.072,66.097,65.143,65.295,64.861,64.923,64.821,64.707,64.383,64.759,65.059,64.854,64.965,65.304,65.114,65.143,65.022,65.044,65.135,64.543,65.105,65.905,65.993,64.123,64.396,64.968
Portugal,PRT,45.007,41.17,36.926,34.748,32.63,30.946,32.688,38.659,37.466,35.175,36.527,36.691,34.45,31.983,30.831,30.697,30.17,30.373,29.181,26.01,24.502,21.207,20.388,21.867,21.499,22.267,24.085,25.093,25.51,21.184,20.028,22.889
Paraguay,PRY,42.218,43.22,42.622,43.288,43.482,38.527,40.508,42.187,41.413,38.48,39.707,35.66,34.356,37.872,37.837,37.509,35.149,38.247,41.068,36.956,38.369,40.875,41.227,35.721,35.443,38.311,38.018,37.965,37.771,33.599,38.219,37.171
West Bank and Gaza,PSE,5.496,5.442,5.433,5.432,5.398,5.456,5.336,5.2,5.14,5.285,3.789,3.559,4.203,3.987,3.799,4.399,4.681,4.74,5.08,4.284,4.578,3.641,3.132,3.926,4.589,4.235,3.735,3.114,3.445,2.722,3.461,3.635
Pacific island small states,PSS,40.82726537,40.59303587,40.54856444,40.27268782,39.93394322,39.60363249,39.10657782,38.7153524,38.43086576,38.24913469,38.27907455,38.26470874,37.87771451,37.63353954,37.70498632,37.99336904,38.20067523,38.41991062,38.78006461,39.20382471,39.52107482,39.97233594,40.48780778,40.94025034,40.75406892,40.33124644,40.13549224,40.1969591,40.50490842,39.8660494,40.13987606,40.07914912
Post-demographic dividend,PST,43.70155395,42.79874972,41.64569995,41.50395785,40.97671057,40.52997584,40.50365747,40.8776645,41.0833757,41.79398606,41.7143831,41.34417674,40.75206643,40.6317183,40.9036301,41.01694314,41.05287736,40.65678886,38.79486617,37.69343084,37.5760645,37.29983713,37.58930561,38.00080056,38.75997607,39.40879093,40.14006161,40.73596618,41.46023819,38.06735788,40.25671159,42.47516031
French Polynesia,PYF,22.562,22.279,22.246,22.208,22.169,22.204,21.841,21.654,21.085,20.673,20.106,19.742,19.669,19.438,19.204,18.952,18.727,19.309,19.746,20.526,21.174,22.002,22.016,21.928,21.799,21.581,21.467,21.18,20.961,19.089,19.735,19.848
Qatar,QAT,33.968,33.528,33.52,33.299,33.129,32.956,31.823,31.413,31.276,30.979,31.21,31.062,30.96,30.234,29.878,29.938,31.418,31.419,29.784,28.507,27.584,28.159,28.837,33.497,37.705,38.127,38.347,38.746,39.253,39.752,38.753,40.043
Romania,ROU,38.745,39.638,37.948,36.651,35.9,33.04,34.011,33.052,31.71,30.974,29.86,25.672,23.164,25.686,21.538,20.593,20.23,20.148,20.569,19.952,19.75,19.626,18.643,18.057,19.306,17.055,20.335,20.202,19.206,19.699,16.106,14.553
Russian Federation,RUS,41.697,44.318,41.612,38.18,36.82,34.47,30.513,27.199,30.258,30.922,29.682,30.706,29.033,28.965,29.803,29.428,30.811,31.76,31.066,30.296,31.028,29.707,30.178,29.381,27.959,27.455,25.976,25.083,24.942,23.471,23.465,
Rwanda,RWA,43.274,41.966,39.987,38.021,36.277,36.302,36.611,37.251,38.002,38.534,38.286,37.941,37.342,36.827,36.399,36.109,35.919,35.834,35.706,35.568,35.46,35.26,34.988,34.761,34.571,34.269,34.068,29.621,29.915,33.176,31.529,31.019
South Asia,SAS,20.13611118,20.05513281,20.05847217,20.11273545,19.92910168,20.1007428,20.27453496,20.36263746,20.03156336,19.75570068,19.7827146,19.83174887,19.66553814,19.38508516,19.09194673,18.63460496,18.07636009,17.60479451,17.19239492,16.87756726,16.15197989,15.49839775,14.53375573,13.69894704,12.81243937,11.96411673,11.42095587,10.70260558,12.21807129,10.76007297,11.81883633,12.22110199
Saudi Arabia,SAU,5.68,5.627,5.746,5.883,6.016,6.146,6.264,6.382,6.47,5.309,4.936,4.377,4.229,4.156,4.149,4.187,3.753,3.302,2.749,3.289,3.793,3.739,4.161,3.883,3.637,4.644,2.681,3.327,4.753,7.336,5.57,5.631
Sudan,SDN,15.825,16.558,17.309,18.081,18.921,19.765,19.413,19.015,18.648,18.306,17.954,17.601,17.255,16.906,16.568,16.233,15.893,15.551,14.233,12.875,11.47,11.322,11.352,11.271,11.15,11.066,10.95,10.821,10.706,9.844,10.155,10.271
Senegal,SEN,24.863,24.715,24.546,24.309,24.044,23.922,23.753,23.533,23.269,22.986,22.806,22.584,21.895,21.171,20.471,19.829,19.621,19.432,19.238,19.077,18.902,19.379,19.801,20.241,20.635,24.543,19.547,15.393,18.088,17.55,17.75,18.027
Singapore,SGP,45.452,43.138,41.593,41.092,41.637,40,41.525,40.873,38.406,39.073,37.434,31.442,32.782,32.47,32.563,33.44,33.487,32.796,31.036,32.227,32.133,32.008,29.873,31.184,35.305,32.88,31.072,32.717,34.158,30.496,33.668,33.381
Solomon Islands,SLB,70.488,69.525,69.221,68.682,67.872,67.846,68.226,68.416,68.748,70.6,71.896,72.552,72.276,71.821,71.447,71.139,70.87,70.479,70.385,70.2,70.063,70.516,70.636,70.792,70.924,70.567,70.239,70.061,70.189,69.247,69.456,68.455
Sierra Leone,SLE,43.909,44.219,44.34,44.379,44.431,44.544,44.552,44.457,44.389,44.396,44.462,44.344,44.236,47.362,45.742,44.143,42.567,41.004,39.464,37.955,36.471,35.026,33.604,32.178,32.35,32.555,32.696,32.812,32.481,31.938,32.16,32.14
El Salvador,SLV,28.008,28.053,29.769,30.1,28.005,26.039,25.85,31.335,30.366,30.389,28.6,29.053,31.36,29.388,29.212,30.374,28.346,27.803,26.247,26.225,26.663,27.606,27.264,26.516,25.606,26.425,25.905,26.581,26.397,22.921,23.876,24.87
San Marino,SMR,,,,,,,,,,,,,,,,,,,,,,,,,,,,,,,,
Somalia,SOM,7.067,7.128,7.191,7.25,7.393,7.521,7.643,7.787,7.904,7.989,8.112,8.178,8.197,8.195,8.184,8.23,8.291,8.311,8.292,8.228,8.194,8.116,8.025,7.922,7.843,7.739,7.651,7.592,7.514,7.162,7.258,7.259
Serbia,SRB,25.514,25.994,26.101,25.41,25.016,24.79,23.916,23.47,24.123,24.562,23.845,22.812,21.999,17.188,14.754,13.48,14.549,15.927,13.572,11.5,8.861,9.416,9.759,10.625,11.704,14.172,15.331,15.85,15.897,14.882,15.478,15.826
Sub-Saharan Africa (excluding high income),SSA,45.48405211,45.40844049,45.28098026,45.1251064,44.97857844,44.84623148,44.62105502,44.41088412,44.16139869,43.99575306,43.92339772,43.84049246,43.7112713,43.72020799,43.70008667,43.52047165,43.28996273,42.94770198,42.39049527,41.34843167,41.26949979,40.2535845,39.59527312,39.27671078,39.155035,39.05695023,38.81849099,38.48085445,38.29494934,36.93469938,37.3739329,37.69524446
South Sudan,SSD,55.746,55.716,55.595,55.538,55.722,55.814,55.91,55.958,56.024,56.044,56.104,56.039,55.888,55.728,55.597,55.517,55.418,55.317,55.107,54.901,54.761,54.514,54.479,54.148,53.839,53.715,53.61,53.444,53.252,51.12,51.69,52.647
Sub-Saharan Africa,SSF,45.48405211,45.40844049,45.28098026,45.1251064,44.97857844,44.84623148,44.62105502,44.41088412,44.16139869,43.99575306,43.92339772,43.84049246,43.7112713,43.72020799,43.70008667,43.52047165,43.28996273,42.94770198,42.39049527,41.34843167,41.26949979,40.2535845,39.59527312,39.27671078,39.155035,39.05695023,38.81849099,38.48085445,38.29494934,36.93469938,37.3739329,37.69524446
Small states,SST,30.64942837,30.00618578,29.62097192,29.39109676,28.98020693,28.53990016,28.04114079,27.80847279,27.4710135,27.42935054,26.62137377,26.10684407,25.82942244,25.95151996,26.004188,26.32383825,26.2141843,26.08709271,25.00321856,24.15613729,24.04475931,23.8516411,23.73415145,24.03740011,24.52249018,24.82042314,25.12524654,25.45593806,25.23293236,23.30131838,23.89759957,24.67876243
Sao Tome and Principe,STP,19.775,19.509,19.204,18.852,18.421,18.088,17.7,17.32,16.972,16.669,13.774,13.495,13.444,14.045,13.612,13.504,13.643,13.947,14.128,14.436,14.723,15.022,15.068,15.141,15.055,14.937,14.862,14.731,14.563,13.438,13.869,13.986
Suriname,SUR,10.753,10.277,10.154,13.181,13.84,11.446,9.283,7.171,5.263,6.182,7.151,8.151,9.231,10.379,11.046,11.78,12.54,13.337,14.173,16.531,15.293,16.806,17.563,18.442,21.694,17.83,17.818,18.055,17.866,14.917,15.655,16.341
Slovak Republic,SVK,44.827,41.269,37.732,30.714,31.044,33.08,32.619,31.742,29.002,27.752,26.754,24.776,25.562,24.713,23.077,22.563,24.174,21.498,18.701,17.383,15.003,15.945,16.201,16.48,18.016,18.196,21.121,20.55,17.84,16.54,15.813,16.862
Slovenia,SVN,33.967,33.507,31.927,32.517,33.122,33.742,34.119,33.996,30.999,27.587,26.472,27.374,23.567,29.163,29.927,30.493,31.553,33.42,31.279,30.303,27.124,23.961,23.135,23.917,26.971,26.068,30.696,31.176,30.031,24.132,26.86,29.426
Sweden,SWE,61.041,54.114,44.313,42.911,43.653,42.556,42.274,44.302,44.901,48.472,46.969,44.275,44.084,39.943,39.745,40.452,42.3,42.075,38.876,39.168,41.049,41.591,42.908,44.081,45.508,45.992,45.993,46.449,45.146,40.088,41.709,44.409
Eswatini,SWZ,18.841,18.44,18.038,17.54,17.004,15.973,14.925,14.269,13.623,13.013,12.538,12.195,11.851,11.523,11.218,10.87,10.511,10.794,11.115,11.438,11.694,11.957,12.149,12.354,12.643,12.76,12.626,12.526,12.41,10.933,11.443,11.586
Sint Maarten (Dutch part),SXM,,,,,,,,,,,,,,,,,,,,,,,,,,,,,,,,
Seychelles,SYC,,,,,,,,,,,,,,,,,,,,,,,,,,,,,,,,
Syrian Arab Republic,SYR,16.761,17.535,18.589,17.034,16.584,15.045,13.762,12.442,13.589,13.216,11.55,12.264,12.963,11.025,9.27,7.704,6.071,5.444,5.407,5.143,5.791,5.613,5.463,5.344,5.259,5.236,5.265,5.307,5.342,4.648,4.977,5.139
Turks and Caicos Islands,TCA,,,,,,,,,,,,,,,,,,,,,,,,,,,,,,,,
Chad,TCD,55.865,56.154,56.333,55.439,54.558,53.689,52.823,51.947,51.055,50.163,49.275,48.378,47.48,46.587,45.682,44.77,43.857,42.951,42.061,41.175,40.284,39.404,38.533,37.673,36.817,35.969,35.136,34.314,34.04,33.48,33.86,33.967
East Asia & Pacific (IDA & IBRD countries),TEA,68.19895029,67.31065697,65.75892663,64.50282413,63.17952742,61.84379479,60.25001517,58.79239809,57.55820622,56.52070301,55.08852844,53.7395045,52.41927453,51.57912122,50.41460002,49.69338534,49.0333113,47.95245293,46.97351131,46.06370068,44.99025029,44.33627517,43.3579111,42.48523529,41.66897395,40.82865731,40.12948227,39.73803839,39.55693057,36.38344206,37.1232278,37.03607699
Europe & Central Asia (IDA & IBRD countries),TEC,36.46473105,36.63233772,34.19767118,33.38656952,32.10998395,30.6176028,28.78613934,27.40404011,28.00358831,27.57859303,27.17354061,27.15711102,26.08356669,25.74036656,26.0909075,26.08346658,26.69096145,27.07731508,26.52737507,26.20557642,26.14384433,25.36323348,25.41376404,25.25024646,25.19088033,25.15576547,24.9873871,24.77813259,24.76504473,22.47504758,22.82449639,
Togo,TGO,29.763,29.67,29.534,29.4,29.162,28.738,28.326,27.925,27.58,27.232,27.163,27.069,26.96,26.869,26.831,26.877,27.234,27.585,27.901,28.184,28.467,28.239,27.968,27.654,27.297,26.749,26.166,25.89,25.584,25.082,25.189,25.371
Thailand,THA,58.931,59.951,58.477,57.6,56.547,55.491,54.658,48.211,45.034,45.762,44.221,43.849,42.49,43.245,43.665,38.448,40.401,38.864,38.241,37.673,38.075,37.626,34.347,33.481,32.99,32.611,31.583,32.305,31.447,31.113,31.411,31.021
Tajikistan,TJK,21.618,21.486,19.645,18.541,17.899,16.554,16.388,15.37,15.661,15.825,15.802,15.872,15.846,16.201,16.488,16.415,16.601,16.491,16.403,16.79,17.196,17.597,17.952,18.471,18.881,19.356,19.154,18.92,18.791,18.332,18.361,18.308
Turkmenistan,TKM,40.718,42.391,42.531,42.309,40.811,39.382,39.819,38.896,37.69,38.21,38.37,38.921,39.111,39.383,39.053,38.727,38.459,37.643,37.555,36.678,35.313,34.287,33.315,32.387,31.857,31.383,30.836,30.297,29.791,27.948,28.697,28.542
Latin America & the Caribbean (IDA & IBRD countries),TLA,35.00184328,35.35902627,35.75788435,35.31518143,34.68103517,33.69444301,33.88388602,34.03732747,33.63298298,33.12034355,33.32861141,33.0656354,32.7857095,33.34821874,34.31082473,34.64387658,34.88281113,34.77810135,33.74623949,33.71894313,33.39563668,33.6603222,32.9870273,32.54150086,31.56651977,30.73577679,30.70623644,31.042257,31.2737943,26.35104525,29.48147306,31.7017436
Timor-Leste,TLS,34.667,33.637,32.663,32.016,31.411,30.614,30.496,31.176,37.201,36.403,34.7,35.77,36.551,36.921,36.879,37.681,36.775,35.56,34.499,33.518,32.74,31.978,31.73,31.258,30.959,30.646,31.364,31.791,30.081,29.33,29.385,29.607
Middle East & North Africa (IDA & IBRD countries),TMN,12.00427307,12.29354113,11.5802767,11.38625297,11.01577359,11.34982737,11.03852973,10.79445359,11.58265558,10.67102496,10.19463822,11.00885408,11.15387137,10.92616726,10.66988891,10.19493617,10.02496066,9.129338906,9.019802581,8.312586582,7.750609063,7.54926015,7.53209977,7.545987176,8.251533425,8.273405936,7.792233861,6.054513373,5.601525178,4.722817396,5.273731844,5.419822721
Tonga,TON,27.641,27.438,27.386,26.831,26.131,25.228,24.435,23.708,23,22.112,21.48,20.748,19.799,21.002,22.568,24.002,23.599,23.267,22.737,22.425,22.112,21.617,21.225,20.868,20.464,20.194,19.784,19.379,19.451,18.889,19.048,18.799
South Asia (IDA & IBRD),TSA,20.13611118,20.05513281,20.05847217,20.11273545,19.92910168,20.1007428,20.27453496,20.36263746,20.03156336,19.75570068,19.7827146,19.83174887,19.66553814,19.38508516,19.09194673,18.63460496,18.07636009,17.60479451,17.19239492,16.87756726,16.15197989,15.49839775,14.53375573,13.69894704,12.81243937,11.96411673,11.42095587,10.70260558,12.21807129,10.76007297,11.81883633,12.22110199
Sub-Saharan Africa (IDA & IBRD countries),TSS,45.48405211,45.40844049,45.28098026,45.1251064,44.97857844,44.84623148,44.62105502,44.41088412,44.16139869,43.99575306,43.92339772,43.84049246,43.7112713,43.72020799,43.70008667,43.52047165,43.28996273,42.94770198,42.39049527,41.34843167,41.26949979,40.2535845,39.59527312,39.27671078,39.155035,39.05695023,38.81849099,38.48085445,38.29494934,36.93469938,37.3739329,37.69524446
Trinidad and Tobago,TTO,21.588,22.005,22.871,24.266,26.082,27.451,27.995,27.772,27.994,30.444,30.66,30.681,31.828,34.459,35.32,40.07,39.134,38.812,35.642,33.523,30.978,33.778,35.212,34.349,33.592,32.738,31.451,30.468,27.885,23.699,27.274,27.525
Tunisia,TUN,21.642,21.429,21.268,21.152,20.548,20.019,19.416,18.966,18.537,18.136,17.757,17.087,16.304,15.674,15.522,14.742,15.302,15.083,13.608,13.789,11.469,13.437,13.55,11.977,11.471,12.893,12.158,11.988,12.091,10.391,10.962,11.172
Turkiye,TUR,35.262,32.317,25.966,30.709,29.403,30.036,27.091,27.384,28.253,24.458,24.093,23.773,21.452,19.465,19.09,18.991,19.034,19.486,19.064,20.011,20.984,20.611,21.447,22.004,22.966,23.181,23.108,23.403,22.715,19.378,21.298,23.094
Tuvalu,TUV,,,,,,,,,,,,,,,,,,,,,,,,,,,,,,,,
Tanzania,TZA,72.637,72.802,72.922,72.928,72.982,73.248,73.405,73.499,73.602,73.678,73.854,73.956,74.027,74.119,74.181,74.208,73.841,73.445,73.088,70.893,68.617,67.758,66.974,67.427,67.215,66.95,66.691,66.443,66.229,59.531,61.88,62.952
Uganda,UGA,49.939,49.805,49.756,49.627,49.573,49.43,49.27,49.152,49.074,48.898,48.805,48.731,48.52,49.376,50.211,49.748,49.247,48.767,48.272,48.186,48.154,48.04,49.934,50.156,50.361,50.553,50.719,50.29,49.781,48.459,48.443,48.519
Ukraine,UKR,33.302,33.337,33.315,33.347,31.163,29.576,28.844,27.222,26.863,26.963,27.373,27.943,28.661,29.005,29.38,29.661,29.916,29.649,28.494,27.753,27.559,27.39,27.274,25.055,25.098,25.03,26.368,25.44,26.502,22.503,22.125,
Upper middle income,UMC,58.54647879,57.7898365,56.16593264,54.83081107,53.36315044,51.84421015,50.41444522,49.09440583,48.27906741,47.45576465,46.25624064,45.42125902,44.43851905,43.99073056,43.42963255,43.05868107,42.75545779,41.96306202,40.8348231,40.07750932,39.31411063,38.8328334,37.86445039,36.96638094,36.17515416,35.48506126,35.10108227,34.80700088,34.7439701,31.32098736,32.96954567,33.99127705
Uruguay,URY,30.649,31.544,32.193,33.178,34.599,29.668,31.911,36.838,34.236,32.86,30.42,25.611,25.389,26.95,30.32,29.719,31.944,33.221,34.354,33.859,36.837,35.549,34.693,35.127,32.682,30.955,29.149,29.826,28.901,23.912,25.678,27.175
United States,USA,49.14,48.9,49.426,50.313,50.128,50.257,50.971,51.976,51.776,52.188,50.973,49.382,47.728,47.494,47.883,47.531,47.13,45.654,42.774,41.008,40.842,41.291,41.867,42.79,43.83,44.349,45.351,45.769,46.47,41.216,45.178,46.294
Uzbekistan,UZB,27.543,27.054,24.477,22.384,22.136,19.561,19.703,17.9,17.805,19.066,19.793,20.682,21.324,22.305,23.399,24.012,24.814,24.592,24.1,23.589,24.397,24.171,23.829,23.486,23.133,22.99,22.445,22.251,22.206,19.799,20.833,20.913
St. Vincent and the Grenadines,VCT,23.233,23.712,24.252,24.165,24.924,25.031,25.44,25.828,26.057,26.181,26.345,26.713,27.099,27.22,27.345,27.537,27.353,27.137,26.353,25.504,25.151,24.846,24.484,24.014,23.528,23.421,23.178,23.026,22.657,19.418,20.439,21.593
"Venezuela, RB",VEN,29.823,31.797,32.286,29.148,27.106,25.919,26.36,26.566,23.778,24.613,25.123,21.484,19.546,21.492,26.417,26.361,26.285,26.402,25.88,23.883,23.183,22.287,20.301,20.068,19.879,19.668,18.069,16.645,14.208,12.485,13.351,14.007
British Virgin Islands,VGB,,,,,,,,,,,,,,,,,,,,,,,,,,,,,,,,
Virgin Islands (U.S.),VIR,27.357,26.546,26.138,26.128,25.924,25.765,25.466,25.205,25.138,25.673,25.457,25.094,24.333,24.446,24.373,24.651,24.559,23.817,20.945,20.333,17.982,15.357,13.602,12.649,12.405,11.591,11.356,10.994,10.585,9.767,10.287,10.332
Viet Nam,VNM,73.165,72.434,71.562,70.644,69.599,68.504,63.472,61.448,58.964,54.624,58.095,56.718,54.219,52.914,52.597,52.25,51.931,53.472,55.091,53.691,50.855,49.635,51.481,51.701,51.585,49.608,49.17,48.971,51.276,46.113,40.276,39.164
Vanuatu,VUT,48.327,48.231,48.381,47.568,47.589,47.563,47.168,47.192,47.42,47.021,47.76,48.957,48.99,48.828,48.47,47.693,47.53,47.134,47.019,47.214,47.222,47.466,47.807,47.806,48.075,47.825,47.26,47.071,46.912,46.095,46.134,46.182
World,WLD,44.19283998,43.53991784,42.42168806,41.59323653,40.62035453,39.77126024,38.99604464,38.35108872,37.79632236,37.26507058,36.74056577,36.3242901,35.7441979,35.43683166,35.16284147,34.80492461,34.42970844,33.80695408,32.9543326,32.23391398,31.60618914,30.97442404,30.25786201,29.68570118,29.1691179,28.63814282,28.26222415,27.87355899,28.27121102,25.96269132,27.10598779,27.75907401
Samoa,WSM,38.763,38.681,38.05,38.225,37.311,36.185,35.775,35.249,34.663,33.547,32.316,31.582,30.9,30.209,29.579,29.217,28.526,28.276,28.804,28.966,28.6,28.103,28.366,28.435,27.35,25.828,24.705,24.983,24.921,23.949,24.111,23.915
Kosovo,XKX,,,,,,,,,,,,,,,,,,,,,,,,,,,,,,,,
"Yemen, Rep.",YEM,14.197,14.077,14.096,14.045,14.651,15.282,15.937,16.614,17.307,16.112,14.975,13.907,12.901,11.954,11.066,10.225,9.44,8.704,8.015,7.377,6.016,4.925,4.003,3.235,3.254,3.286,3.295,3.295,3.29,3.139,3.258,3.35
South Africa,ZAF,27.065,26.445,25.913,25.314,24.647,24.094,23.482,22.865,22.335,21.805,21.364,20.941,20.482,20.09,19.73,19.454,19.223,19.009,17.416,13.039,15.621,14.297,14.542,13.418,14.434,13.752,14.751,13.446,13.045,12.182,11.102,11.752
Zambia,ZMB,21.216,21.526,21.984,22.667,23.796,24.838,26.233,27.605,27.527,27.408,27.028,26.588,26.145,25.629,25.062,26.829,28.621,30.457,28.344,26.124,28.115,30.152,29.94,29.71,29.428,29.172,28.865,31.409,30.558,33.138,31.951,31.709
Zimbabwe,ZWE,44.631,44.361,43.993,43.436,42.06,40.881,39.759,39.769,39.716,39.422,39.386,39.345,39.364,39.456,39.363,39.118,38.966,38.952,39.001,39.007,38.957,39.383,39.855,40.349,40.058,39.768,39.294,38.692,38.071,37.146,37.003,37.275
